Text Encoder,UNet,VAE Decoder,Total
57.65599999999999,334.1,69778.08046340942
75.288,277.62,86475.08907318115
892.58,203.82,16201.268911361694
685.94,196.81,11636.792421340942
