UNet,VAE Decoder,Total
3739.18,191.99,12593.821287155151
8033.48,191.26,14350.139856338501
5451.24,194.11,12979.609727859497
1710.48,196.81,10661.438703536987
2890.06,196.24,11838.143110275269
2465.64,194.1,12017.023086547852
6047.96,197.91,13562.637567520142
3537.84,198.2,11917.749881744385
1921.72,196.21,11263.7357711792
6937.44,198.11,13889.604568481445
1911.16,194.89,11372.256994247437
1598.94,194.18,10985.631704330444
1817.44,193.08,11280.779600143433
1861.8,200.52,11420.191049575806
